Summary,Issue key,Issue id,Issue Type,Status,Project key,Project name,Project type,Project lead,Project lead id,Project description,Priority,Resolution,Assignee,Assignee Id,Reporter,Reporter Id,Creator,Creator Id,Created,Updated,Last Viewed,Resolved,Due date,Votes,Labels,Description,Environment,Watchers,Watchers Id,Log Work,Original estimate,Remaining Estimate,Time Spent,Work Ratio,Σ Original Estimate,Σ Remaining Estimate,Σ Time Spent,Security Level,Outward issue link (Relates),Outward issue link (Relates),Outward issue link (Relates),Outward issue link (Relates),Outward issue link (Relates),Outward issue link (Relates),Attachment,Custom field (Actual end),Custom field (Actual start),Custom field (Change reason),Custom field (Change risk),Custom field (Change type),Custom field (Development),Custom field (Epic Link),Custom field (Impact),Custom field (Issue color),Custom field (Rank),Custom field (Request Type),Sprint,Custom field (Start date),Custom field (Story Points),Custom field (Story point estimate),Custom field (Target end),Custom field (Target start),Custom field (Team),Custom field ([CHART] Date of First Response),Status Category
Last name Field is accepting numbers as Input under add new feature of Customers Module.,UNI-70,10077,Bug,To Do,UNI,Uniform1,software,Shashank Kumar,620b3069e41f76006a6cb2b6,,Medium,,,,Shashank Kumar,620b3069e41f76006a6cb2b6,Shashank Kumar,620b3069e41f76006a6cb2b6,18/Feb/22 2:31 PM,18/Feb/22 2:39 PM,18/Feb/22 2:39 PM,,,0,addNewCustomers,"Last name Field is accepting numbers as Input under add new feature of Customers Module.

Steps to Reproduce -
1. Login to Uniform Website.
2. Go to the Customers Module.
3. Click on the Add new Button.
4. Input Alphanumeric Characters in Last name field.
5. Click on save button.

Input test Data -
asd123

Expected Result - 
Validation message ""Last name should only consist Alphabets"" should appear

Actual output - 
Input is accepted.

Screenshot -
  !image-2022-02-18-14-30-42-850.png|thumbnail! ",,Shashank Kumar,620b3069e41f76006a6cb2b6,,,,,,,,,,UNI-63,,,,,,18/Feb/22 2:30 PM;ug:a25fff83-0245-4391-bffa-57d51986e181;image-2022-02-18-14-30-42-850.png;https://ibmhaldia11.atlassian.net/secure/attachment/10008/image-2022-02-18-14-30-42-850.png,,,,,,{},,,,0|i000j3:,,UNI Sprint 1,,,,,,,,To Do
Customer Group Name Field is accepting Every Special Characters in Customer Groups Module.,UNI-69,10076,Bug,To Do,UNI,Uniform1,software,Shashank Kumar,620b3069e41f76006a6cb2b6,,Medium,,,,Shashank Kumar,620b3069e41f76006a6cb2b6,Shashank Kumar,620b3069e41f76006a6cb2b6,18/Feb/22 1:14 PM,18/Feb/22 2:38 PM,18/Feb/22 2:38 PM,,,0,CustomerGroups,"Customer Group Name Field is accepting Every Special Characters in Customer Groups Module.

Steps to reproduce - 
1. Log in to the uniform Website.
2. Go to the Customer Groups Module.
3. Click on the add new Button.
4. Type Special Character input under Customer Group name Module.
5. Click on save button.

Expected Output -
Validation message ""Customer Group name should only contain Alphanumeric and underscore"" should appear.

Actual Output -
Input is being accepted.

Test data -
#123+

Screenshot -
 !image-2022-02-18-13-13-32-607.png|thumbnail! ",,Shashank Kumar,620b3069e41f76006a6cb2b6,,,,,,,,,,UNI-52,,,,,,18/Feb/22 1:13 PM;ug:a25fff83-0245-4391-bffa-57d51986e181;image-2022-02-18-13-13-32-607.png;https://ibmhaldia11.atlassian.net/secure/attachment/10007/image-2022-02-18-13-13-32-607.png,,,,,,{},,,,0|i000iv:,,UNI Sprint 1,,,,,,,,To Do
Firstname field is accepting Special Characters in add new feature under Customers Module.,UNI-68,10075,Bug,To Do,UNI,Uniform1,software,Shashank Kumar,620b3069e41f76006a6cb2b6,,Medium,,,,Shashank Kumar,620b3069e41f76006a6cb2b6,Shashank Kumar,620b3069e41f76006a6cb2b6,18/Feb/22 12:59 PM,18/Feb/22 2:38 PM,18/Feb/22 2:38 PM,,,0,addNewCustomers,"Firstname field is accepting Special Characters in add new feature under Customers Module.

Steps to reproduce -
1. Login to the Uniform Website.
2. Go to the Customers Module.
3. Click on the add new Button.
4. Write Special Character inside First name field.
5. Click on save button.

Test Data -

#

Expected Result -
Validation message ""First name should only contain Alphabets"" should appear.

Actual Result -
Input is being accepted.

Screenshot - 

!image-2022-02-18-12-58-56-821.png|width=200,height=183!

 ",,Shashank Kumar,620b3069e41f76006a6cb2b6,,,,,,,,,,UNI-62,,,,,,18/Feb/22 12:59 PM;ug:a25fff83-0245-4391-bffa-57d51986e181;image-2022-02-18-12-58-56-821.png;https://ibmhaldia11.atlassian.net/secure/attachment/10006/image-2022-02-18-12-58-56-821.png,,,,,,{},,,,0|i000fr:,,UNI Sprint 1,,,,,,,,To Do
First name field is accepting Alphanumeric Characters in add new Section in Customers Module.,UNI-67,10074,Bug,To Do,UNI,Uniform1,software,Shashank Kumar,620b3069e41f76006a6cb2b6,,Medium,,,,Shashank Kumar,620b3069e41f76006a6cb2b6,Shashank Kumar,620b3069e41f76006a6cb2b6,18/Feb/22 12:51 PM,18/Feb/22 2:38 PM,20/Feb/22 12:52 PM,,,0,addNewCustomers,"The first name field is accepting Alphanumeric Characters in add new Section in Customers Module.

Steps to Reproduce -
1. Log in to the Uniform website.
2. Go to the Customers Module.
3. Click on the add new button.
4. Give Alphanumeric Input in First name Field.
5. Click on the Save Button.

Test Data -

abcd1234

Expected Result -
Validation message "" First name should only contain Alphabets"" should appear.

Actual Result - 
Input is being accepted.

Screenshot -

!image-2022-02-18-12-50-20-780.png|width=200,height=183!

 ",,Shashank Kumar,620b3069e41f76006a6cb2b6,,,,,,,,,,UNI-61,,,,,,18/Feb/22 12:50 PM;ug:a25fff83-0245-4391-bffa-57d51986e181;image-2022-02-18-12-50-20-780.png;https://ibmhaldia11.atlassian.net/secure/attachment/10005/image-2022-02-18-12-50-20-780.png,,,,,,{},,,,0|i000fj:,,UNI Sprint 1,,,,,,,,To Do
Last name field is accepting Special Characters.,UNI-66,10073,Bug,To Do,UNI,Uniform1,software,Shashank Kumar,620b3069e41f76006a6cb2b6,,Medium,,,,Shashank Kumar,620b3069e41f76006a6cb2b6,Shashank Kumar,620b3069e41f76006a6cb2b6,18/Feb/22 12:41 PM,18/Feb/22 2:38 PM,18/Feb/22 4:23 PM,,,0,,"The last name field in the customer module is accepting Special characters.

Steps to reproduce - 
1. Login to the Uniform Website.
2. Go to the Customers Module.
3. Click on the add new Button.
4. Give special character input in Lastname field.

Test Data -

#

Expected Result - 
Validation message ""Last name can only consist Alphabets"" should appear.

Actual Result - 
Special Character Input is accepted.

Screenshot -

!image-2022-02-18-12-39-54-951.png|width=200,height=183!

 ",,Shashank Kumar,620b3069e41f76006a6cb2b6,,,,,,,,,,UNI-64,,,,,,18/Feb/22 12:40 PM;ug:a25fff83-0245-4391-bffa-57d51986e181;image-2022-02-18-12-39-54-951.png;https://ibmhaldia11.atlassian.net/secure/attachment/10004/image-2022-02-18-12-39-54-951.png,,,,,,{},,,,0|i000fb:,,UNI Sprint 1,,,,,,,,To Do
"As a user, I want to add new customer Groups to make groups of customers.",UNI-65,10072,Story,In Progress,UNI,Uniform1,software,Shashank Kumar,620b3069e41f76006a6cb2b6,,Medium,,Shashank Kumar,620b3069e41f76006a6cb2b6,Shashank Kumar,620b3069e41f76006a6cb2b6,Shashank Kumar,620b3069e41f76006a6cb2b6,18/Feb/22 12:05 PM,18/Feb/22 3:37 PM,18/Feb/22 2:57 PM,,,0,CustomerGroups,"Acceptance criteria -

# Valid Inputs should Work in each field.
# Save button should validate all the fields and create a new customer group.",,Shashank Kumar,620b3069e41f76006a6cb2b6,,,,,,,,,,UNI-69,,,,,,,,,,,,{},,,,0|i000b7:,,UNI Sprint 1,,,,,,,,In Progress
Verify the Lastname field with Special Characters,UNI-64,10071,Test,In Progress,UNI,Uniform1,software,Shashank Kumar,620b3069e41f76006a6cb2b6,,Medium,,Shashank Kumar,620b3069e41f76006a6cb2b6,Shashank Kumar,620b3069e41f76006a6cb2b6,Zephyr for Jira - Test Management,557058:d99b15ce-fb96-40a1-b6e7-3ffdc632dc73,18/Feb/22 11:54 AM,18/Feb/22 3:09 PM,18/Feb/22 3:03 PM,,,0,addNewCustomers,,QA,Zephyr for Jira - Test Management,557058:d99b15ce-fb96-40a1-b6e7-3ffdc632dc73,,,,,,,,,,UNI-66,UNI-1,,,,,,,,,,,{},,,,0|i000k7:,,UNI Sprint 1,,,,,,,,In Progress
Verify the Lastname field with Alphanumeric Characters,UNI-63,10070,Test,In Progress,UNI,Uniform1,software,Shashank Kumar,620b3069e41f76006a6cb2b6,,Medium,,Shashank Kumar,620b3069e41f76006a6cb2b6,Shashank Kumar,620b3069e41f76006a6cb2b6,Zephyr for Jira - Test Management,557058:d99b15ce-fb96-40a1-b6e7-3ffdc632dc73,18/Feb/22 11:54 AM,18/Feb/22 3:09 PM,18/Feb/22 2:32 PM,,,0,addNewCustomers,,QA,Zephyr for Jira - Test Management,557058:d99b15ce-fb96-40a1-b6e7-3ffdc632dc73,,,,,,,,,,UNI-1,,,,,,,,,,,,{},,,,0|i000jz:,,UNI Sprint 1,,,,,,,,In Progress
Verify the Firstname field with Special Characters,UNI-62,10069,Test,In Progress,UNI,Uniform1,software,Shashank Kumar,620b3069e41f76006a6cb2b6,,Medium,,Shashank Kumar,620b3069e41f76006a6cb2b6,Shashank Kumar,620b3069e41f76006a6cb2b6,Zephyr for Jira - Test Management,557058:d99b15ce-fb96-40a1-b6e7-3ffdc632dc73,18/Feb/22 11:54 AM,18/Feb/22 3:09 PM,18/Feb/22 12:06 PM,,,0,addNewCustomers,,QA,Zephyr for Jira - Test Management,557058:d99b15ce-fb96-40a1-b6e7-3ffdc632dc73,,,,,,,,,,UNI-1,,,,,,,,,,,,{},,,,0|i000jr:,,UNI Sprint 1,,,,,,,,In Progress
Verify the Firstname field with Alphanumeric Characters,UNI-61,10068,Test,In Progress,UNI,Uniform1,software,Shashank Kumar,620b3069e41f76006a6cb2b6,,Medium,,Shashank Kumar,620b3069e41f76006a6cb2b6,Shashank Kumar,620b3069e41f76006a6cb2b6,Zephyr for Jira - Test Management,557058:d99b15ce-fb96-40a1-b6e7-3ffdc632dc73,18/Feb/22 11:54 AM,18/Feb/22 3:09 PM,18/Feb/22 12:06 PM,,,0,addNewCustomers,,QA,Zephyr for Jira - Test Management,557058:d99b15ce-fb96-40a1-b6e7-3ffdc632dc73,,,,,,,,,,UNI-67,UNI-1,,,,,,,,,,,{},,,,0|i000jj:,,UNI Sprint 1,,,,,,,,In Progress
Verify the Sort order field Placeholder,UNI-60,10067,Test,Done,UNI,Uniform1,software,Shashank Kumar,620b3069e41f76006a6cb2b6,,Medium,Done,Shashank Kumar,620b3069e41f76006a6cb2b6,Shashank Kumar,620b3069e41f76006a6cb2b6,Zephyr for Jira - Test Management,557058:d99b15ce-fb96-40a1-b6e7-3ffdc632dc73,18/Feb/22 11:53 AM,18/Feb/22 2:46 PM,21/Feb/22 9:51 AM,18/Feb/22 1:04 PM,,0,CustomerGroups,,QA,Zephyr for Jira - Test Management,557058:d99b15ce-fb96-40a1-b6e7-3ffdc632dc73,,,,,,,,,,UNI-65,,,,,,,,,,,,{},,,,0|i000in:,,UNI Sprint 1,,,,,,,,Done
Verify the Sort order Field with alphanumeric Characters,UNI-59,10066,Test,Done,UNI,Uniform1,software,Shashank Kumar,620b3069e41f76006a6cb2b6,,Medium,Done,Shashank Kumar,620b3069e41f76006a6cb2b6,Shashank Kumar,620b3069e41f76006a6cb2b6,Zephyr for Jira - Test Management,557058:d99b15ce-fb96-40a1-b6e7-3ffdc632dc73,18/Feb/22 11:53 AM,18/Feb/22 2:46 PM,21/Feb/22 9:51 AM,18/Feb/22 1:04 PM,,0,CustomerGroups,,QA,Zephyr for Jira - Test Management,557058:d99b15ce-fb96-40a1-b6e7-3ffdc632dc73,,,,,,,,,,UNI-65,,,,,,,,,,,,{},,,,0|i000if:,,UNI Sprint 1,,,,,,,,Done
Verify the Approve New Customers Field Type,UNI-58,10065,Test,Done,UNI,Uniform1,software,Shashank Kumar,620b3069e41f76006a6cb2b6,,Medium,Done,Shashank Kumar,620b3069e41f76006a6cb2b6,Shashank Kumar,620b3069e41f76006a6cb2b6,Zephyr for Jira - Test Management,557058:d99b15ce-fb96-40a1-b6e7-3ffdc632dc73,18/Feb/22 11:53 AM,18/Feb/22 2:46 PM,21/Feb/22 9:51 AM,18/Feb/22 1:04 PM,,0,CustomerGroups,,QA,Zephyr for Jira - Test Management,557058:d99b15ce-fb96-40a1-b6e7-3ffdc632dc73,,,,,,,,,,UNI-65,,,,,,,,,,,,{},,,,0|i000i7:,,UNI Sprint 1,,,,,,,,Done
Verify the Approve New Customers field Options,UNI-57,10064,Test,Done,UNI,Uniform1,software,Shashank Kumar,620b3069e41f76006a6cb2b6,,Medium,Done,Shashank Kumar,620b3069e41f76006a6cb2b6,Shashank Kumar,620b3069e41f76006a6cb2b6,Zephyr for Jira - Test Management,557058:d99b15ce-fb96-40a1-b6e7-3ffdc632dc73,18/Feb/22 11:53 AM,18/Feb/22 2:46 PM,21/Feb/22 9:51 AM,18/Feb/22 1:04 PM,,0,CustomerGroups,,QA,Zephyr for Jira - Test Management,557058:d99b15ce-fb96-40a1-b6e7-3ffdc632dc73,,,,,,,,,,UNI-65,,,,,,,,,,,,{},,,,0|i000hz:,,UNI Sprint 1,,,,,,,,Done
Verify the Approve New Customers Default option,UNI-56,10063,Test,Done,UNI,Uniform1,software,Shashank Kumar,620b3069e41f76006a6cb2b6,,Medium,Done,Shashank Kumar,620b3069e41f76006a6cb2b6,Shashank Kumar,620b3069e41f76006a6cb2b6,Zephyr for Jira - Test Management,557058:d99b15ce-fb96-40a1-b6e7-3ffdc632dc73,18/Feb/22 11:53 AM,18/Feb/22 2:46 PM,21/Feb/22 9:51 AM,18/Feb/22 1:04 PM,,0,CustomerGroups,,QA,Zephyr for Jira - Test Management,557058:d99b15ce-fb96-40a1-b6e7-3ffdc632dc73,,,,,,,,,,UNI-65,,,,,,,,,,,,{},,,,0|i000hr:,,UNI Sprint 1,,,,,,,,Done
Verify the Description Field Placeholder,UNI-55,10062,Test,Done,UNI,Uniform1,software,Shashank Kumar,620b3069e41f76006a6cb2b6,,Medium,Done,Shashank Kumar,620b3069e41f76006a6cb2b6,Shashank Kumar,620b3069e41f76006a6cb2b6,Zephyr for Jira - Test Management,557058:d99b15ce-fb96-40a1-b6e7-3ffdc632dc73,18/Feb/22 11:53 AM,18/Feb/22 2:46 PM,21/Feb/22 9:51 AM,18/Feb/22 1:04 PM,,0,CustomerGroups,,QA,Zephyr for Jira - Test Management,557058:d99b15ce-fb96-40a1-b6e7-3ffdc632dc73,,,,,,,,,,UNI-65,,,,,,,,,,,,{},,,,0|i000hj:,,UNI Sprint 1,,,,,,,,Done
Verify the Description field with Alphanumeric Characters,UNI-54,10061,Test,Done,UNI,Uniform1,software,Shashank Kumar,620b3069e41f76006a6cb2b6,,Medium,Done,Shashank Kumar,620b3069e41f76006a6cb2b6,Shashank Kumar,620b3069e41f76006a6cb2b6,Zephyr for Jira - Test Management,557058:d99b15ce-fb96-40a1-b6e7-3ffdc632dc73,18/Feb/22 11:53 AM,18/Feb/22 2:46 PM,21/Feb/22 9:51 AM,18/Feb/22 1:04 PM,,0,CustomerGroups,,QA,Zephyr for Jira - Test Management,557058:d99b15ce-fb96-40a1-b6e7-3ffdc632dc73,,,,,,,,,,UNI-65,,,,,,,,,,,,{},,,,0|i000hb:,,UNI Sprint 1,,,,,,,,Done
Verify the Customer Group Name field Placeholder,UNI-53,10060,Test,Done,UNI,Uniform1,software,Shashank Kumar,620b3069e41f76006a6cb2b6,,Medium,Done,Shashank Kumar,620b3069e41f76006a6cb2b6,Shashank Kumar,620b3069e41f76006a6cb2b6,Zephyr for Jira - Test Management,557058:d99b15ce-fb96-40a1-b6e7-3ffdc632dc73,18/Feb/22 11:53 AM,18/Feb/22 2:46 PM,21/Feb/22 9:51 AM,18/Feb/22 1:04 PM,,0,CustomerGroups,,QA,Zephyr for Jira - Test Management,557058:d99b15ce-fb96-40a1-b6e7-3ffdc632dc73,,,,,,,,,,UNI-65,,,,,,,,,,,,{},,,,0|i000h3:,,UNI Sprint 1,,,,,,,,Done
Verify the Customer Group Name field with special Characters,UNI-52,10059,Test,In Progress,UNI,Uniform1,software,Shashank Kumar,620b3069e41f76006a6cb2b6,,Medium,,Shashank Kumar,620b3069e41f76006a6cb2b6,Shashank Kumar,620b3069e41f76006a6cb2b6,Zephyr for Jira - Test Management,557058:d99b15ce-fb96-40a1-b6e7-3ffdc632dc73,18/Feb/22 11:53 AM,18/Feb/22 3:09 PM,21/Feb/22 9:51 AM,,,0,CustomerGroups,,QA,Zephyr for Jira - Test Management,557058:d99b15ce-fb96-40a1-b6e7-3ffdc632dc73,,,,,,,,,,UNI-65,,,,,,,,,,,,{},,,,0|i000jb:,,UNI Sprint 1,,,,,,,,In Progress
Verify the Customer Group Name field with numeric Characters,UNI-51,10058,Test,Done,UNI,Uniform1,software,Shashank Kumar,620b3069e41f76006a6cb2b6,,Medium,Done,Shashank Kumar,620b3069e41f76006a6cb2b6,Shashank Kumar,620b3069e41f76006a6cb2b6,Zephyr for Jira - Test Management,557058:d99b15ce-fb96-40a1-b6e7-3ffdc632dc73,18/Feb/22 11:53 AM,18/Feb/22 2:46 PM,21/Feb/22 9:51 AM,18/Feb/22 1:04 PM,,0,CustomerGroups,,QA,Zephyr for Jira - Test Management,557058:d99b15ce-fb96-40a1-b6e7-3ffdc632dc73,,,,,,,,,,UNI-65,,,,,,,,,,,,{},,,,0|i000gv:,,UNI Sprint 1,,,,,,,,Done
Verify the Customer Group name with more than 32 characters,UNI-50,10057,Test,Done,UNI,Uniform1,software,Shashank Kumar,620b3069e41f76006a6cb2b6,,Medium,Done,Shashank Kumar,620b3069e41f76006a6cb2b6,Shashank Kumar,620b3069e41f76006a6cb2b6,Zephyr for Jira - Test Management,557058:d99b15ce-fb96-40a1-b6e7-3ffdc632dc73,18/Feb/22 11:53 AM,18/Feb/22 2:46 PM,21/Feb/22 9:51 AM,18/Feb/22 1:04 PM,,0,CustomerGroups,,QA,Zephyr for Jira - Test Management,557058:d99b15ce-fb96-40a1-b6e7-3ffdc632dc73,,,,,,,,,,UNI-65,,,,,,,,,,,,{},,,,0|i000gn:,,UNI Sprint 1,,,,,,,,Done
Verify the Customer Group Name field with 32 characters,UNI-49,10056,Test,Done,UNI,Uniform1,software,Shashank Kumar,620b3069e41f76006a6cb2b6,,Medium,Done,Shashank Kumar,620b3069e41f76006a6cb2b6,Shashank Kumar,620b3069e41f76006a6cb2b6,Zephyr for Jira - Test Management,557058:d99b15ce-fb96-40a1-b6e7-3ffdc632dc73,18/Feb/22 11:53 AM,18/Feb/22 2:46 PM,21/Feb/22 9:51 AM,18/Feb/22 1:04 PM,,0,CustomerGroups,,QA,Zephyr for Jira - Test Management,557058:d99b15ce-fb96-40a1-b6e7-3ffdc632dc73,,,,,,,,,,UNI-65,,,,,,,,,,,,{},,,,0|i000gf:,,UNI Sprint 1,,,,,,,,Done
Verify the Customer Group Name field with 3 characters,UNI-48,10055,Test,Done,UNI,Uniform1,software,Shashank Kumar,620b3069e41f76006a6cb2b6,,Medium,Done,Shashank Kumar,620b3069e41f76006a6cb2b6,Shashank Kumar,620b3069e41f76006a6cb2b6,Zephyr for Jira - Test Management,557058:d99b15ce-fb96-40a1-b6e7-3ffdc632dc73,18/Feb/22 11:53 AM,18/Feb/22 2:46 PM,21/Feb/22 9:51 AM,18/Feb/22 1:04 PM,,0,CustomerGroups,,QA,Zephyr for Jira - Test Management,557058:d99b15ce-fb96-40a1-b6e7-3ffdc632dc73,,,,,,,,,,UNI-65,,,,,,,,,,,,{},,,,0|i000g7:,,UNI Sprint 1,,,,,,,,Done
Verify the Customer Group Name field with blank space,UNI-47,10054,Test,Done,UNI,Uniform1,software,Shashank Kumar,620b3069e41f76006a6cb2b6,,Medium,Done,Shashank Kumar,620b3069e41f76006a6cb2b6,Shashank Kumar,620b3069e41f76006a6cb2b6,Zephyr for Jira - Test Management,557058:d99b15ce-fb96-40a1-b6e7-3ffdc632dc73,18/Feb/22 11:53 AM,18/Feb/22 2:46 PM,21/Feb/22 9:51 AM,18/Feb/22 1:03 PM,,0,CustomerGroups,,QA,Zephyr for Jira - Test Management,557058:d99b15ce-fb96-40a1-b6e7-3ffdc632dc73,,,,,,,,,,UNI-65,,,,,,,,,,,,{},,,,0|i000fz:,,UNI Sprint 1,,,,,,,,Done
Telephone field in Customer module is accepting Numeric characters,UNI-46,10053,Bug,To Do,UNI,Uniform1,software,Shashank Kumar,620b3069e41f76006a6cb2b6,,Medium,,,,Shashank Kumar,620b3069e41f76006a6cb2b6,Shashank Kumar,620b3069e41f76006a6cb2b6,18/Feb/22 11:11 AM,18/Feb/22 2:37 PM,18/Feb/22 4:28 PM,,,0,,"The telephone field is accepting Alphabets.

Steps to reproduce -
1. Log in to the Uniform website.
2. Go to the Customers module.
3. Click on add new Button.
4. verify with alphanumeric input in the telephone field.

Test Data -

abcd12

Expected Result -
Validation message ""Telephone field should only contain numeric characters"" should appear.

Actual Result -
Input is being accepted.

Screenshot - 

!image-2022-02-18-11-10-19-562.png|width=200,height=183!

 ",,Shashank Kumar,620b3069e41f76006a6cb2b6,,,,,,,,,,UNI-20,,,,,,18/Feb/22 11:10 AM;ug:a25fff83-0245-4391-bffa-57d51986e181;image-2022-02-18-11-10-19-562.png;https://ibmhaldia11.atlassian.net/secure/attachment/10003/image-2022-02-18-11-10-19-562.png,,,,,,{},,,,0|i000b3:,,UNI Sprint 1,,,,,,,,To Do
Verify the Safe button,UNI-45,10052,Test,Done,UNI,Uniform1,software,Shashank Kumar,620b3069e41f76006a6cb2b6,,Medium,Done,Shashank Kumar,620b3069e41f76006a6cb2b6,Shashank Kumar,620b3069e41f76006a6cb2b6,Zephyr for Jira - Test Management,557058:d99b15ce-fb96-40a1-b6e7-3ffdc632dc73,17/Feb/22 11:50 AM,18/Feb/22 2:56 PM,18/Feb/22 12:00 PM,18/Feb/22 11:36 AM,,0,addNewCustomers,,QA,Zephyr for Jira - Test Management,557058:d99b15ce-fb96-40a1-b6e7-3ffdc632dc73,,,,,,,,,,UNI-1,,,,,,,,,,,,{},,,,0|i0008m:zi,,UNI Sprint 1,,,,,,,,Done
Verify the Safe field is a dropdown menu,UNI-44,10051,Test,Done,UNI,Uniform1,software,Shashank Kumar,620b3069e41f76006a6cb2b6,,Medium,Done,Shashank Kumar,620b3069e41f76006a6cb2b6,Shashank Kumar,620b3069e41f76006a6cb2b6,Zephyr for Jira - Test Management,557058:d99b15ce-fb96-40a1-b6e7-3ffdc632dc73,17/Feb/22 11:50 AM,18/Feb/22 2:56 PM,18/Feb/22 11:28 AM,18/Feb/22 11:36 AM,,0,addNewCustomers,,QA,Zephyr for Jira - Test Management,557058:d99b15ce-fb96-40a1-b6e7-3ffdc632dc73,,,,,,,,,,UNI-1,,,,,,,,,,,,{},,,,0|i0008m:z,,UNI Sprint 1,,,,,,,,Done
Verify the Safe field Options,UNI-43,10050,Test,Done,UNI,Uniform1,software,Shashank Kumar,620b3069e41f76006a6cb2b6,,Medium,Done,Shashank Kumar,620b3069e41f76006a6cb2b6,Shashank Kumar,620b3069e41f76006a6cb2b6,Zephyr for Jira - Test Management,557058:d99b15ce-fb96-40a1-b6e7-3ffdc632dc73,17/Feb/22 11:50 AM,18/Feb/22 2:56 PM,18/Feb/22 11:27 AM,18/Feb/22 11:36 AM,,0,addNewCustomers,,QA,Zephyr for Jira - Test Management,557058:d99b15ce-fb96-40a1-b6e7-3ffdc632dc73,,,,,,,,,,UNI-1,,,,,,,,,,,,{},,,,0|i0008m:y,,UNI Sprint 1,,,,,,,,Done
Verify the Safe field Default option,UNI-42,10049,Test,Done,UNI,Uniform1,software,Shashank Kumar,620b3069e41f76006a6cb2b6,,Medium,Done,Shashank Kumar,620b3069e41f76006a6cb2b6,Shashank Kumar,620b3069e41f76006a6cb2b6,Zephyr for Jira - Test Management,557058:d99b15ce-fb96-40a1-b6e7-3ffdc632dc73,17/Feb/22 11:50 AM,18/Feb/22 2:56 PM,21/Feb/22 9:51 AM,18/Feb/22 11:36 AM,,0,addNewCustomers,,QA,Zephyr for Jira - Test Management,557058:d99b15ce-fb96-40a1-b6e7-3ffdc632dc73,,,,,,,,,,UNI-1,,,,,,,,,,,,{},,,,0|i0008m:x,,UNI Sprint 1,,,,,,,,Done
Verify the Approved field is a dropdown menu,UNI-41,10048,Test,Done,UNI,Uniform1,software,Shashank Kumar,620b3069e41f76006a6cb2b6,,Medium,Done,Shashank Kumar,620b3069e41f76006a6cb2b6,Shashank Kumar,620b3069e41f76006a6cb2b6,Zephyr for Jira - Test Management,557058:d99b15ce-fb96-40a1-b6e7-3ffdc632dc73,17/Feb/22 11:50 AM,18/Feb/22 2:56 PM,21/Feb/22 9:51 AM,18/Feb/22 11:36 AM,,0,addNewCustomers,,QA,Zephyr for Jira - Test Management,557058:d99b15ce-fb96-40a1-b6e7-3ffdc632dc73,,,,,,,,,,UNI-1,,,,,,,,,,,,{},,,,0|i0008m:v,,UNI Sprint 1,,,,,,,,Done
Verify the Approved field Options,UNI-40,10047,Test,Done,UNI,Uniform1,software,Shashank Kumar,620b3069e41f76006a6cb2b6,,Medium,Done,Shashank Kumar,620b3069e41f76006a6cb2b6,Shashank Kumar,620b3069e41f76006a6cb2b6,Zephyr for Jira - Test Management,557058:d99b15ce-fb96-40a1-b6e7-3ffdc632dc73,17/Feb/22 11:50 AM,18/Feb/22 2:56 PM,21/Feb/22 9:51 AM,18/Feb/22 11:36 AM,,0,addNewCustomers,,QA,Zephyr for Jira - Test Management,557058:d99b15ce-fb96-40a1-b6e7-3ffdc632dc73,,,,,,,,,,UNI-1,,,,,,,,,,,,{},,,,0|i0008m:r,,UNI Sprint 1,,,,,,,,Done
Verify the Approved field Default option,UNI-39,10046,Test,Done,UNI,Uniform1,software,Shashank Kumar,620b3069e41f76006a6cb2b6,,Medium,Done,Shashank Kumar,620b3069e41f76006a6cb2b6,Shashank Kumar,620b3069e41f76006a6cb2b6,Zephyr for Jira - Test Management,557058:d99b15ce-fb96-40a1-b6e7-3ffdc632dc73,17/Feb/22 11:50 AM,18/Feb/22 2:56 PM,21/Feb/22 9:51 AM,18/Feb/22 11:36 AM,,0,addNewCustomers,,QA,Zephyr for Jira - Test Management,557058:d99b15ce-fb96-40a1-b6e7-3ffdc632dc73,,,,,,,,,,UNI-1,,,,,,,,,,,,{},,,,0|i0008m:i,,UNI Sprint 1,,,,,,,,Done
Verify the Status field is a dropdown menu,UNI-38,10045,Test,Done,UNI,Uniform1,software,Shashank Kumar,620b3069e41f76006a6cb2b6,,Medium,Done,Shashank Kumar,620b3069e41f76006a6cb2b6,Shashank Kumar,620b3069e41f76006a6cb2b6,Zephyr for Jira - Test Management,557058:d99b15ce-fb96-40a1-b6e7-3ffdc632dc73,17/Feb/22 11:49 AM,18/Feb/22 2:56 PM,18/Feb/22 11:32 AM,18/Feb/22 11:36 AM,,0,addNewCustomers,,QA,Zephyr for Jira - Test Management,557058:d99b15ce-fb96-40a1-b6e7-3ffdc632dc73,,,,,,,,,,UNI-1,,,,,,,,,,,,{},,,,0|i0008m:,,UNI Sprint 1,,,,,,,,Done
Verify the Status field Options,UNI-37,10044,Test,Done,UNI,Uniform1,software,Shashank Kumar,620b3069e41f76006a6cb2b6,,Medium,Done,Shashank Kumar,620b3069e41f76006a6cb2b6,Shashank Kumar,620b3069e41f76006a6cb2b6,Zephyr for Jira - Test Management,557058:d99b15ce-fb96-40a1-b6e7-3ffdc632dc73,17/Feb/22 11:49 AM,18/Feb/22 2:56 PM,21/Feb/22 9:51 AM,18/Feb/22 11:36 AM,,0,addNewCustomers,,QA,Zephyr for Jira - Test Management,557058:d99b15ce-fb96-40a1-b6e7-3ffdc632dc73,,,,,,,,,,UNI-1,,,,,,,,,,,,{},,,,0|i0008l:,,UNI Sprint 1,,,,,,,,Done
Verify the Status field Default option,UNI-36,10043,Test,Done,UNI,Uniform1,software,Shashank Kumar,620b3069e41f76006a6cb2b6,,Medium,Done,Shashank Kumar,620b3069e41f76006a6cb2b6,Shashank Kumar,620b3069e41f76006a6cb2b6,Zephyr for Jira - Test Management,557058:d99b15ce-fb96-40a1-b6e7-3ffdc632dc73,17/Feb/22 11:49 AM,18/Feb/22 2:56 PM,21/Feb/22 9:51 AM,18/Feb/22 11:36 AM,,0,addNewCustomers,,QA,Zephyr for Jira - Test Management,557058:d99b15ce-fb96-40a1-b6e7-3ffdc632dc73,,,,,,,,,,UNI-1,,,,,,,,,,,,{},,,,0|i0008j:,,UNI Sprint 1,,,,,,,,Done
Verify the Newsletter field is a dropdown menu,UNI-35,10042,Test,Done,UNI,Uniform1,software,Shashank Kumar,620b3069e41f76006a6cb2b6,,Medium,Done,Shashank Kumar,620b3069e41f76006a6cb2b6,Shashank Kumar,620b3069e41f76006a6cb2b6,Zephyr for Jira - Test Management,557058:d99b15ce-fb96-40a1-b6e7-3ffdc632dc73,17/Feb/22 11:49 AM,18/Feb/22 2:56 PM,18/Feb/22 11:34 AM,18/Feb/22 11:36 AM,,0,addNewCustomers,,QA,Zephyr for Jira - Test Management,557058:d99b15ce-fb96-40a1-b6e7-3ffdc632dc73,,,,,,,,,,UNI-1,,,,,,,,,,,,{},,,,0|i0008n:,,UNI Sprint 1,,,,,,,,Done
Verify the Newsletter field Options,UNI-34,10041,Test,Done,UNI,Uniform1,software,Shashank Kumar,620b3069e41f76006a6cb2b6,,Medium,Done,Shashank Kumar,620b3069e41f76006a6cb2b6,Shashank Kumar,620b3069e41f76006a6cb2b6,Zephyr for Jira - Test Management,557058:d99b15ce-fb96-40a1-b6e7-3ffdc632dc73,17/Feb/22 11:49 AM,18/Feb/22 2:56 PM,21/Feb/22 9:51 AM,18/Feb/22 11:36 AM,,0,addNewCustomers,,QA,Zephyr for Jira - Test Management,557058:d99b15ce-fb96-40a1-b6e7-3ffdc632dc73,,,,,,,,,,UNI-1,,,,,,,,,,,,{},,,,0|i0008f:,,UNI Sprint 1,,,,,,,,Done
Verify the Newsletter field default option,UNI-33,10040,Test,Done,UNI,Uniform1,software,Shashank Kumar,620b3069e41f76006a6cb2b6,,Medium,Done,Shashank Kumar,620b3069e41f76006a6cb2b6,Shashank Kumar,620b3069e41f76006a6cb2b6,Zephyr for Jira - Test Management,557058:d99b15ce-fb96-40a1-b6e7-3ffdc632dc73,17/Feb/22 11:49 AM,18/Feb/22 2:56 PM,21/Feb/22 9:51 AM,18/Feb/22 11:36 AM,,0,addNewCustomers,,QA,Zephyr for Jira - Test Management,557058:d99b15ce-fb96-40a1-b6e7-3ffdc632dc73,,,,,,,,,,UNI-1,,,,,,,,,,,,{},,,,0|i00087:,,UNI Sprint 1,,,,,,,,Done
Verify the Confirm field Placeholder,UNI-32,10039,Test,Done,UNI,Uniform1,software,Shashank Kumar,620b3069e41f76006a6cb2b6,,Medium,Done,Shashank Kumar,620b3069e41f76006a6cb2b6,Shashank Kumar,620b3069e41f76006a6cb2b6,Zephyr for Jira - Test Management,557058:d99b15ce-fb96-40a1-b6e7-3ffdc632dc73,17/Feb/22 11:49 AM,18/Feb/22 2:56 PM,21/Feb/22 9:51 AM,18/Feb/22 11:36 AM,,0,addNewCustomers,,QA,Zephyr for Jira - Test Management,557058:d99b15ce-fb96-40a1-b6e7-3ffdc632dc73,,,,,,,,,,UNI-1,,,,,,,,,,,,{},,,,0|i0007z:,,UNI Sprint 1,,,,,,,,Done
Verify the confirm field with same input as Password,UNI-31,10038,Test,Done,UNI,Uniform1,software,Shashank Kumar,620b3069e41f76006a6cb2b6,,Medium,Done,Shashank Kumar,620b3069e41f76006a6cb2b6,Shashank Kumar,620b3069e41f76006a6cb2b6,Zephyr for Jira - Test Management,557058:d99b15ce-fb96-40a1-b6e7-3ffdc632dc73,17/Feb/22 11:49 AM,18/Feb/22 2:56 PM,21/Feb/22 9:51 AM,18/Feb/22 11:36 AM,,0,addNewCustomers,,QA,Zephyr for Jira - Test Management,557058:d99b15ce-fb96-40a1-b6e7-3ffdc632dc73,,,,,,,,,,UNI-1,,,,,,,,,,,,{},,,,0|i0007r:,,UNI Sprint 1,,,,,,,,Done
Verify the confirm field with blank space,UNI-30,10037,Test,Done,UNI,Uniform1,software,Shashank Kumar,620b3069e41f76006a6cb2b6,,Medium,Done,Shashank Kumar,620b3069e41f76006a6cb2b6,Shashank Kumar,620b3069e41f76006a6cb2b6,Zephyr for Jira - Test Management,557058:d99b15ce-fb96-40a1-b6e7-3ffdc632dc73,17/Feb/22 11:49 AM,18/Feb/22 2:56 PM,21/Feb/22 9:51 AM,18/Feb/22 11:36 AM,,0,addNewCustomers,,QA,Zephyr for Jira - Test Management,557058:d99b15ce-fb96-40a1-b6e7-3ffdc632dc73,,,,,,,,,,UNI-1,,,,,,,,,,,,{},,,,0|i0007j:,,UNI Sprint 1,,,,,,,,Done
Verify the Password field with Special Characters,UNI-29,10036,Test,Done,UNI,Uniform1,software,Shashank Kumar,620b3069e41f76006a6cb2b6,,Medium,Done,Shashank Kumar,620b3069e41f76006a6cb2b6,Shashank Kumar,620b3069e41f76006a6cb2b6,Zephyr for Jira - Test Management,557058:d99b15ce-fb96-40a1-b6e7-3ffdc632dc73,17/Feb/22 11:49 AM,18/Feb/22 2:56 PM,21/Feb/22 9:51 AM,18/Feb/22 11:36 AM,,0,addNewCustomers,,QA,Zephyr for Jira - Test Management,557058:d99b15ce-fb96-40a1-b6e7-3ffdc632dc73,,,,,,,,,,UNI-1,,,,,,,,,,,,{},,,,0|i0007b:,,UNI Sprint 1,,,,,,,,Done
Verify the Password field Placeholder,UNI-28,10035,Test,Done,UNI,Uniform1,software,Shashank Kumar,620b3069e41f76006a6cb2b6,,Medium,Done,Shashank Kumar,620b3069e41f76006a6cb2b6,Shashank Kumar,620b3069e41f76006a6cb2b6,Zephyr for Jira - Test Management,557058:d99b15ce-fb96-40a1-b6e7-3ffdc632dc73,17/Feb/22 11:49 AM,18/Feb/22 2:56 PM,21/Feb/22 9:51 AM,18/Feb/22 11:36 AM,,0,addNewCustomers,,QA,Zephyr for Jira - Test Management,557058:d99b15ce-fb96-40a1-b6e7-3ffdc632dc73,,,,,,,,,,UNI-1,,,,,,,,,,,,{},,,,0|i00073:,,UNI Sprint 1,,,,,,,,Done
Verify the password field with more than 20 characters,UNI-27,10034,Test,Done,UNI,Uniform1,software,Shashank Kumar,620b3069e41f76006a6cb2b6,,Medium,Done,Shashank Kumar,620b3069e41f76006a6cb2b6,Shashank Kumar,620b3069e41f76006a6cb2b6,Zephyr for Jira - Test Management,557058:d99b15ce-fb96-40a1-b6e7-3ffdc632dc73,17/Feb/22 11:49 AM,18/Feb/22 2:56 PM,21/Feb/22 9:51 AM,18/Feb/22 11:36 AM,,0,addNewCustomers,,QA,Zephyr for Jira - Test Management,557058:d99b15ce-fb96-40a1-b6e7-3ffdc632dc73,,,,,,,,,,UNI-1,,,,,,,,,,,,{},,,,0|i0006v:,,UNI Sprint 1,,,,,,,,Done
Verify the password field with 4 characters,UNI-26,10033,Test,Done,UNI,Uniform1,software,Shashank Kumar,620b3069e41f76006a6cb2b6,,Medium,Done,Shashank Kumar,620b3069e41f76006a6cb2b6,Shashank Kumar,620b3069e41f76006a6cb2b6,Zephyr for Jira - Test Management,557058:d99b15ce-fb96-40a1-b6e7-3ffdc632dc73,17/Feb/22 11:49 AM,18/Feb/22 2:56 PM,21/Feb/22 9:51 AM,18/Feb/22 11:36 AM,,0,addNewCustomers,,QA,Zephyr for Jira - Test Management,557058:d99b15ce-fb96-40a1-b6e7-3ffdc632dc73,,,,,,,,,,UNI-1,,,,,,,,,,,,{},,,,0|i0006n:,,UNI Sprint 1,,,,,,,,Done
Verify the password field with 20 Alphanumeric characters,UNI-25,10032,Test,Done,UNI,Uniform1,software,Shashank Kumar,620b3069e41f76006a6cb2b6,,Medium,Done,Shashank Kumar,620b3069e41f76006a6cb2b6,Shashank Kumar,620b3069e41f76006a6cb2b6,Zephyr for Jira - Test Management,557058:d99b15ce-fb96-40a1-b6e7-3ffdc632dc73,17/Feb/22 11:49 AM,18/Feb/22 2:56 PM,21/Feb/22 9:51 AM,18/Feb/22 11:36 AM,,0,addNewCustomers,,QA,Zephyr for Jira - Test Management,557058:d99b15ce-fb96-40a1-b6e7-3ffdc632dc73,,,,,,,,,,UNI-1,,,,,,,,,,,,{},,,,0|i0006f:,,UNI Sprint 1,,,,,,,,Done
Verify the password field with Blank space,UNI-24,10031,Test,Done,UNI,Uniform1,software,Shashank Kumar,620b3069e41f76006a6cb2b6,,Medium,Done,Shashank Kumar,620b3069e41f76006a6cb2b6,Shashank Kumar,620b3069e41f76006a6cb2b6,Zephyr for Jira - Test Management,557058:d99b15ce-fb96-40a1-b6e7-3ffdc632dc73,17/Feb/22 11:49 AM,18/Feb/22 2:56 PM,18/Feb/22 11:33 AM,18/Feb/22 11:36 AM,,0,addNewCustomers,,QA,Zephyr for Jira - Test Management,557058:d99b15ce-fb96-40a1-b6e7-3ffdc632dc73,,,,,,,,,,UNI-1,,,,,,,,,,,,{},,,,0|i00012:zy,,UNI Sprint 1,,,,,,,,Done
Verify the fax field Placeholder,UNI-23,10030,Test,Done,UNI,Uniform1,software,Shashank Kumar,620b3069e41f76006a6cb2b6,,Medium,Done,Shashank Kumar,620b3069e41f76006a6cb2b6,Shashank Kumar,620b3069e41f76006a6cb2b6,Zephyr for Jira - Test Management,557058:d99b15ce-fb96-40a1-b6e7-3ffdc632dc73,17/Feb/22 11:49 AM,18/Feb/22 2:56 PM,21/Feb/22 9:51 AM,18/Feb/22 11:36 AM,,0,addNewCustomers,,QA,Zephyr for Jira - Test Management,557058:d99b15ce-fb96-40a1-b6e7-3ffdc632dc73,,,,,,,,,,UNI-1,,,,,,,,,,,,{},,,,0|i00012:zx,,UNI Sprint 1,,,,,,,,Done
Verify the Fax field with blank space,UNI-22,10029,Test,Done,UNI,Uniform1,software,Shashank Kumar,620b3069e41f76006a6cb2b6,,Medium,Done,Shashank Kumar,620b3069e41f76006a6cb2b6,Shashank Kumar,620b3069e41f76006a6cb2b6,Zephyr for Jira - Test Management,557058:d99b15ce-fb96-40a1-b6e7-3ffdc632dc73,17/Feb/22 11:49 AM,18/Feb/22 2:56 PM,21/Feb/22 9:51 AM,18/Feb/22 11:36 AM,,0,addNewCustomers,,QA,Zephyr for Jira - Test Management,557058:d99b15ce-fb96-40a1-b6e7-3ffdc632dc73,,,,,,,,,,UNI-1,,,,,,,,,,,,{},,,,0|i00012:zv,,UNI Sprint 1,,,,,,,,Done
Verify the Fax field with Alphanumeric Characters,UNI-21,10028,Test,Done,UNI,Uniform1,software,Shashank Kumar,620b3069e41f76006a6cb2b6,,Medium,Done,Shashank Kumar,620b3069e41f76006a6cb2b6,Shashank Kumar,620b3069e41f76006a6cb2b6,Zephyr for Jira - Test Management,557058:d99b15ce-fb96-40a1-b6e7-3ffdc632dc73,17/Feb/22 11:49 AM,18/Feb/22 2:56 PM,21/Feb/22 9:51 AM,18/Feb/22 11:36 AM,,0,addNewCustomers,,QA,Zephyr for Jira - Test Management,557058:d99b15ce-fb96-40a1-b6e7-3ffdc632dc73,,,,,,,,,,UNI-1,,,,,,,,,,,,{},,,,0|i00012:zr,,UNI Sprint 1,,,,,,,,Done
Verify the Telephone Field with alphanumeric characters,UNI-20,10027,Test,In Progress,UNI,Uniform1,software,Shashank Kumar,620b3069e41f76006a6cb2b6,,Medium,,Shashank Kumar,620b3069e41f76006a6cb2b6,Shashank Kumar,620b3069e41f76006a6cb2b6,Zephyr for Jira - Test Management,557058:d99b15ce-fb96-40a1-b6e7-3ffdc632dc73,17/Feb/22 11:49 AM,18/Feb/22 3:37 PM,18/Feb/22 11:38 AM,,,0,addNewCustomers,,QA,Zephyr for Jira - Test Management,557058:d99b15ce-fb96-40a1-b6e7-3ffdc632dc73,,,,,,,,,,UNI-1,,,,,,,,,,,,{},,,,0|i000d9:,,UNI Sprint 1,,,,,,,,In Progress
Verify the Telephone field Placeholder,UNI-19,10026,Test,Done,UNI,Uniform1,software,Shashank Kumar,620b3069e41f76006a6cb2b6,,Medium,Done,Shashank Kumar,620b3069e41f76006a6cb2b6,Shashank Kumar,620b3069e41f76006a6cb2b6,Zephyr for Jira - Test Management,557058:d99b15ce-fb96-40a1-b6e7-3ffdc632dc73,17/Feb/22 11:49 AM,18/Feb/22 2:56 PM,21/Feb/22 9:51 AM,18/Feb/22 11:36 AM,,0,addNewCustomers,,QA,Zephyr for Jira - Test Management,557058:d99b15ce-fb96-40a1-b6e7-3ffdc632dc73,,,,,,,,,,UNI-1,,,,,,,,,,,,{},,,,0|i00012:z,,UNI Sprint 1,,,,,,,,Done
Verify the Telephone field with more than 32 characters,UNI-18,10025,Test,Done,UNI,Uniform1,software,Shashank Kumar,620b3069e41f76006a6cb2b6,,Medium,Done,Shashank Kumar,620b3069e41f76006a6cb2b6,Shashank Kumar,620b3069e41f76006a6cb2b6,Zephyr for Jira - Test Management,557058:d99b15ce-fb96-40a1-b6e7-3ffdc632dc73,17/Feb/22 11:49 AM,18/Feb/22 2:56 PM,21/Feb/22 9:51 AM,18/Feb/22 11:36 AM,,0,addNewCustomers,,QA,Zephyr for Jira - Test Management,557058:d99b15ce-fb96-40a1-b6e7-3ffdc632dc73,,,,,,,,,,UNI-1,,,,,,,,,,,,{},,,,0|i00012:y,,UNI Sprint 1,,,,,,,,Done
Verify the Telephone field with blank space,UNI-17,10024,Test,Done,UNI,Uniform1,software,Shashank Kumar,620b3069e41f76006a6cb2b6,,Medium,Done,Shashank Kumar,620b3069e41f76006a6cb2b6,Shashank Kumar,620b3069e41f76006a6cb2b6,Zephyr for Jira - Test Management,557058:d99b15ce-fb96-40a1-b6e7-3ffdc632dc73,17/Feb/22 11:49 AM,18/Feb/22 2:56 PM,21/Feb/22 9:51 AM,18/Feb/22 11:36 AM,,0,addNewCustomers,,QA,Zephyr for Jira - Test Management,557058:d99b15ce-fb96-40a1-b6e7-3ffdc632dc73,,,,,,,,,,UNI-1,,,,,,,,,,,,{},,,,0|i00012:x,,UNI Sprint 1,,,,,,,,Done
Verify the Telephone with proper input,UNI-16,10023,Test,Done,UNI,Uniform1,software,Shashank Kumar,620b3069e41f76006a6cb2b6,,Medium,Done,Shashank Kumar,620b3069e41f76006a6cb2b6,Shashank Kumar,620b3069e41f76006a6cb2b6,Zephyr for Jira - Test Management,557058:d99b15ce-fb96-40a1-b6e7-3ffdc632dc73,17/Feb/22 11:49 AM,18/Feb/22 2:56 PM,21/Feb/22 9:51 AM,18/Feb/22 11:36 AM,,0,addNewCustomers,,QA,Zephyr for Jira - Test Management,557058:d99b15ce-fb96-40a1-b6e7-3ffdc632dc73,,,,,,,,,,UNI-1,,,,,,,,,,,,{},,,,0|i00012:v,,UNI Sprint 1,,,,,,,,Done
Verify the email field placeholder,UNI-15,10022,Test,Done,UNI,Uniform1,software,Shashank Kumar,620b3069e41f76006a6cb2b6,,Medium,Done,Shashank Kumar,620b3069e41f76006a6cb2b6,Shashank Kumar,620b3069e41f76006a6cb2b6,Zephyr for Jira - Test Management,557058:d99b15ce-fb96-40a1-b6e7-3ffdc632dc73,17/Feb/22 11:49 AM,18/Feb/22 2:56 PM,21/Feb/22 9:51 AM,18/Feb/22 11:36 AM,,0,addNewCustomers,,QA,Zephyr for Jira - Test Management,557058:d99b15ce-fb96-40a1-b6e7-3ffdc632dc73,,,,,,,,,,UNI-1,,,,,,,,,,,,{},,,,0|i00012:r,,UNI Sprint 1,,,,,,,,Done
Verify the email field with wrong email syntax,UNI-14,10021,Test,Done,UNI,Uniform1,software,Shashank Kumar,620b3069e41f76006a6cb2b6,,Medium,Done,Shashank Kumar,620b3069e41f76006a6cb2b6,Shashank Kumar,620b3069e41f76006a6cb2b6,Zephyr for Jira - Test Management,557058:d99b15ce-fb96-40a1-b6e7-3ffdc632dc73,17/Feb/22 11:49 AM,18/Feb/22 2:56 PM,21/Feb/22 9:51 AM,18/Feb/22 11:36 AM,,0,addNewCustomers,,QA,Zephyr for Jira - Test Management,557058:d99b15ce-fb96-40a1-b6e7-3ffdc632dc73,,,,,,,,,,UNI-1,,,,,,,,,,,,{},,,,0|i00012:i,,UNI Sprint 1,,,,,,,,Done
Verify the email field with blank space,UNI-13,10020,Test,Done,UNI,Uniform1,software,Shashank Kumar,620b3069e41f76006a6cb2b6,,Medium,Done,Shashank Kumar,620b3069e41f76006a6cb2b6,Shashank Kumar,620b3069e41f76006a6cb2b6,Zephyr for Jira - Test Management,557058:d99b15ce-fb96-40a1-b6e7-3ffdc632dc73,17/Feb/22 11:49 AM,18/Feb/22 2:56 PM,21/Feb/22 9:51 AM,18/Feb/22 11:36 AM,,0,addNewCustomers,,QA,Zephyr for Jira - Test Management,557058:d99b15ce-fb96-40a1-b6e7-3ffdc632dc73,,,,,,,,,,UNI-1,,,,,,,,,,,,{},,,,0|i00012:,,UNI Sprint 1,,,,,,,,Done
Verify the Email field with proper input,UNI-12,10019,Test,Done,UNI,Uniform1,software,Shashank Kumar,620b3069e41f76006a6cb2b6,,Medium,Done,Shashank Kumar,620b3069e41f76006a6cb2b6,Shashank Kumar,620b3069e41f76006a6cb2b6,Zephyr for Jira - Test Management,557058:d99b15ce-fb96-40a1-b6e7-3ffdc632dc73,17/Feb/22 11:48 AM,18/Feb/22 2:56 PM,18/Feb/22 11:33 AM,18/Feb/22 11:36 AM,,0,addNewCustomers,,QA,Zephyr for Jira - Test Management,557058:d99b15ce-fb96-40a1-b6e7-3ffdc632dc73,,,,,,,,,,UNI-1,,,,,,,,,,,,{},,,,0|i00011:,,UNI Sprint 1,,,,,,,,Done
Verify the Last Name field Placeholder,UNI-11,10018,Test,Done,UNI,Uniform1,software,Shashank Kumar,620b3069e41f76006a6cb2b6,,Medium,Done,Shashank Kumar,620b3069e41f76006a6cb2b6,Shashank Kumar,620b3069e41f76006a6cb2b6,Zephyr for Jira - Test Management,557058:d99b15ce-fb96-40a1-b6e7-3ffdc632dc73,17/Feb/22 11:48 AM,18/Feb/22 2:56 PM,18/Feb/22 11:33 AM,18/Feb/22 11:36 AM,,0,addNewCustomers,,QA,Zephyr for Jira - Test Management,557058:d99b15ce-fb96-40a1-b6e7-3ffdc632dc73,,,,,,,,,,UNI-1,,,,,,,,,,,,{},,,,0|i0000y:zi,,UNI Sprint 1,,,,,,,,Done
Verify the last name field with more than 32 characters,UNI-10,10017,Test,Done,UNI,Uniform1,software,Shashank Kumar,620b3069e41f76006a6cb2b6,,Medium,Done,Shashank Kumar,620b3069e41f76006a6cb2b6,Shashank Kumar,620b3069e41f76006a6cb2b6,Zephyr for Jira - Test Management,557058:d99b15ce-fb96-40a1-b6e7-3ffdc632dc73,17/Feb/22 11:48 AM,18/Feb/22 2:56 PM,21/Feb/22 9:51 AM,18/Feb/22 11:36 AM,,0,addNewCustomers,,QA,Zephyr for Jira - Test Management,557058:d99b15ce-fb96-40a1-b6e7-3ffdc632dc73,,,,,,,,,,UNI-1,,,,,,,,,,,,{},,,,0|i0000y:z,,UNI Sprint 1,,,,,,,,Done
Verify the Last name field with Blank space,UNI-9,10016,Test,Done,UNI,Uniform1,software,Shashank Kumar,620b3069e41f76006a6cb2b6,,Medium,Done,Shashank Kumar,620b3069e41f76006a6cb2b6,Shashank Kumar,620b3069e41f76006a6cb2b6,Zephyr for Jira - Test Management,557058:d99b15ce-fb96-40a1-b6e7-3ffdc632dc73,17/Feb/22 11:48 AM,18/Feb/22 2:56 PM,21/Feb/22 9:51 AM,18/Feb/22 11:35 AM,,0,addNewCustomers,,QA,Zephyr for Jira - Test Management,557058:d99b15ce-fb96-40a1-b6e7-3ffdc632dc73,,,,,,,,,,UNI-1,,,,,,,,,,,,{},,,,0|i0000y:y,,UNI Sprint 1,,,,,,,,Done
Verify the Last name field with Alpabetic Characters,UNI-8,10015,Test,Done,UNI,Uniform1,software,Shashank Kumar,620b3069e41f76006a6cb2b6,,Medium,Done,Shashank Kumar,620b3069e41f76006a6cb2b6,Shashank Kumar,620b3069e41f76006a6cb2b6,Zephyr for Jira - Test Management,557058:d99b15ce-fb96-40a1-b6e7-3ffdc632dc73,17/Feb/22 11:48 AM,18/Feb/22 2:56 PM,21/Feb/22 9:51 AM,18/Feb/22 11:34 AM,,0,addNewCustomers,,QA,Zephyr for Jira - Test Management,557058:d99b15ce-fb96-40a1-b6e7-3ffdc632dc73,,,,,,,,,,UNI-1,,,,,,,,,,,,{},,,,0|i0000y:x,,UNI Sprint 1,,,,,,,,Done
Verify the first name field paceholder,UNI-7,10014,Test,Done,UNI,Uniform1,software,Shashank Kumar,620b3069e41f76006a6cb2b6,,Medium,Done,Shashank Kumar,620b3069e41f76006a6cb2b6,Shashank Kumar,620b3069e41f76006a6cb2b6,Zephyr for Jira - Test Management,557058:d99b15ce-fb96-40a1-b6e7-3ffdc632dc73,17/Feb/22 11:48 AM,18/Feb/22 2:56 PM,21/Feb/22 9:51 AM,18/Feb/22 11:35 AM,,0,addNewCustomers,,QA,Zephyr for Jira - Test Management,557058:d99b15ce-fb96-40a1-b6e7-3ffdc632dc73,,,,,,,,,,UNI-1,,,,,,,,,,,,{},,,,0|i0000y:v,,UNI Sprint 1,,,,,,,,Done
Verify the first name field with blank space,UNI-6,10013,Test,Done,UNI,Uniform1,software,Shashank Kumar,620b3069e41f76006a6cb2b6,,Medium,Done,Shashank Kumar,620b3069e41f76006a6cb2b6,Shashank Kumar,620b3069e41f76006a6cb2b6,Zephyr for Jira - Test Management,557058:d99b15ce-fb96-40a1-b6e7-3ffdc632dc73,17/Feb/22 11:48 AM,18/Feb/22 2:57 PM,18/Feb/22 2:56 PM,18/Feb/22 11:34 AM,,0,addNewCustomers,,QA,Zephyr for Jira - Test Management,557058:d99b15ce-fb96-40a1-b6e7-3ffdc632dc73,,,,,,,,,,,,,,,,,,,,,,{},,,,0|i0000y:r,,UNI Sprint 1,,,,,,,,Done
Verify the First name field with more than 32 characters,UNI-5,10012,Test,Done,UNI,Uniform1,software,Shashank Kumar,620b3069e41f76006a6cb2b6,,Medium,Done,Shashank Kumar,620b3069e41f76006a6cb2b6,Shashank Kumar,620b3069e41f76006a6cb2b6,Zephyr for Jira - Test Management,557058:d99b15ce-fb96-40a1-b6e7-3ffdc632dc73,17/Feb/22 11:48 AM,18/Feb/22 2:56 PM,21/Feb/22 9:51 AM,18/Feb/22 11:34 AM,,0,addNewCustomers,,QA,Zephyr for Jira - Test Management,557058:d99b15ce-fb96-40a1-b6e7-3ffdc632dc73,,,,,,,,,,UNI-1,,,,,,,,,,,,{},,,,0|i0000y:i,,UNI Sprint 1,,,,,,,,Done
Verify the First Name field with Alphabetic characters,UNI-4,10011,Test,Done,UNI,Uniform1,software,Shashank Kumar,620b3069e41f76006a6cb2b6,,Medium,Done,Shashank Kumar,620b3069e41f76006a6cb2b6,Shashank Kumar,620b3069e41f76006a6cb2b6,Zephyr for Jira - Test Management,557058:d99b15ce-fb96-40a1-b6e7-3ffdc632dc73,17/Feb/22 11:48 AM,18/Feb/22 2:56 PM,20/Feb/22 12:49 PM,18/Feb/22 11:34 AM,,0,addNewCustomers,,QA,Zephyr for Jira - Test Management,557058:d99b15ce-fb96-40a1-b6e7-3ffdc632dc73,,,,,,,,,,UNI-1,,,,,,,,,,,,{},,,,0|i0000y:,,UNI Sprint 1,,,,,,,,Done
Verify the Customer group field is a Dropdown menu,UNI-3,10010,Test,Done,UNI,Uniform1,software,Shashank Kumar,620b3069e41f76006a6cb2b6,,Medium,Done,Shashank Kumar,620b3069e41f76006a6cb2b6,Shashank Kumar,620b3069e41f76006a6cb2b6,Zephyr for Jira - Test Management,557058:d99b15ce-fb96-40a1-b6e7-3ffdc632dc73,17/Feb/22 11:48 AM,18/Feb/22 2:56 PM,21/Feb/22 9:51 AM,18/Feb/22 11:34 AM,,0,addNewCustomers,,QA,Zephyr for Jira - Test Management,557058:d99b15ce-fb96-40a1-b6e7-3ffdc632dc73,,,,,,,,,,UNI-1,,,,,,,,,,,,{},,,,0|i0000x:,,UNI Sprint 1,,,,,,,,Done
Verify the Customer group field Default text,UNI-2,10009,Test,Done,UNI,Uniform1,software,Shashank Kumar,620b3069e41f76006a6cb2b6,,Medium,Done,Shashank Kumar,620b3069e41f76006a6cb2b6,Shashank Kumar,620b3069e41f76006a6cb2b6,Zephyr for Jira - Test Management,557058:d99b15ce-fb96-40a1-b6e7-3ffdc632dc73,17/Feb/22 11:48 AM,18/Feb/22 11:36 AM,18/Feb/22 11:32 AM,18/Feb/22 11:36 AM,,0,addNewCustomers,,QA,Zephyr for Jira - Test Management,557058:d99b15ce-fb96-40a1-b6e7-3ffdc632dc73,,,,,,,,,,,,,,,,,,,,,,{},,,,0|i0000z:,,UNI Sprint 1,,,,,,,,Done
"As a user, I want to add new customers using Add new Button.",UNI-1,10008,Story,In Progress,UNI,Uniform1,software,Shashank Kumar,620b3069e41f76006a6cb2b6,,Medium,,Shashank Kumar,620b3069e41f76006a6cb2b6,Shashank Kumar,620b3069e41f76006a6cb2b6,Shashank Kumar,620b3069e41f76006a6cb2b6,16/Feb/22 11:34 AM,18/Feb/22 3:37 PM,20/Feb/22 12:47 PM,,,0,addNewCustomers,"Acceptance Criteria -

# Valid input should work in every field.
# Validation message “Success'' should appear after saving the input.

Screenshot-

!image-20220216-060222.png|width=1439,height=622!",,Shashank Kumar,620b3069e41f76006a6cb2b6,;17/Feb/22 2:42 PM;ug:a25fff83-0245-4391-bffa-57d51986e181;82800,86400,0,82800,95%,86400,0,82800,,UNI-46,UNI-66,UNI-67,UNI-68,UNI-70,UNI-6,16/Feb/22 11:34 AM;ug:a25fff83-0245-4391-bffa-57d51986e181;image-20220216-060222.png;https://ibmhaldia11.atlassian.net/secure/attachment/10002/image-20220216-060222.png,,,,,,{},,,,0|i00013:,,UNI Sprint 1,,,,,,,,In Progress
